Tytuł,Kategoria,Producent,Cena,Link
"Bomba na pluskwy Fogger No Pest® 400ml","Bomba/Fogger","No Pest®","34,99 zł","https://www.odstraszanie.pl/p2262,bomba-na-pluskwy-domowe-zamglawiajaca-no-pest-fogger.html"
"3x Bomba na pluskwy Fogger No Pest®","Bomba/Fogger","No Pest®","94,99 zł","https://www.odstraszanie.pl/p2263,3x-bomba-na-pluskwy-fogger-no-pest-srodek-na-pluskwy.html"
"5x Pułapka na pluskwę domową No Pest® Lep z wabikiem","Pułapka","No Pest®","39,99 zł","https://www.odstraszanie.pl/p1173,5x-pulapka-na-pluskwe-domowa-no-pest-lep-na-pluskwy-z-wabikiem.html"
"Środki na pluskwy spray, bomba-fogger, zamrażacz i oprysk No Pest® (zestaw)","Zestaw","No Pest®","114,99 zł","https://www.odstraszanie.pl/p2297,najlepsze-srodki-na-pluskwy-prepraraty-no-pest-bomba-spray-oprysk-zamrazacz-jaj.html"
"Środek na jaja pluskiew i wszy – zamrażacz Insect Freezer No Pest®","Spray (zamrażacz)","No Pest®","19,99 zł","https://www.odstraszanie.pl/p1667,srodek-na-jaja-pluskiew-i-wszy-na-materace-zabawki-zamrazacz-insect-freezer-no-pest.html"
"Parownica na pluskwy. Myjka parowa","Inne (urządzenie)","Zeegma","199,00 zł","https://www.odstraszanie.pl/p1177,parownica-na-pluskwy-myjka-parowa-na-pluskwy.html"
"Środek na pluskwy spray NO PEST 500ml","Spray","No Pest®","22,99 zł","https://www.odstraszanie.pl/p2295,srodek-na-pluskwy-preparat-no-pest-4insect-al-spray-przeciw-pluskwom.html"
"Parownica na pluskwy Steamer ZEEGMA","Inne (urządzenie)","Zeegma","199,00 zł","https://www.odstraszanie.pl/p1629,parownica-na-pluskwy-myjka-parowa-na-pluskwy-steamer-zeegma.html"
"Najmocniejszy oprysk Annihilator Extreme No Pest® 1L","Oprysk (koncentrat)","No Pest®","339,00 zł","https://www.odstraszanie.pl/p3000,najmocniejszy-oprysk-owadobojczy-na-pluskwy-muchy-komary-annihilator-extreme-no-pest.html"
"KAFAR 600 EC 1L – oprysk na pluskwy","Oprysk (koncentrat)","Kafar","489,00 zł","https://www.odstraszanie.pl/p1627,kafar-600-ec-1l-najsilniejszy-srodek-na-pluskwy-oprysk-na-komary-muchy-karaluchy.html"
"Permetryna 25% na kleszcze, pluskwy, muchy – Permetrine 25WP No Pest® 25g","Oprysk (proszek do rozrobienia)","No Pest®","14,99 zł","https://www.odstraszanie.pl/p1573,permetryna-25-na-kleszcze-komary-muchy-pluskwy-permetrine-25wp-no-pest-25g.html"
"Bomba na owady Dobol Professional 10g","Bomba/Fogger","Dobol","54,99 zł","https://www.odstraszanie.pl/p1184,bomba-na-owady-dobol-professional-10g.html"
"3x Bomba na pluskwy Fogger No Pest® rurka","Bomba/Fogger","No Pest®","84,99 zł","https://www.odstraszanie.pl/p3125,3x-bomba-na-pluskwy-fogger-no-pest-srodek-na-pluskwy-rurka.html"
"Środek na pluskwy domowe Bed Bug Sniper 300ml","Spray","No Pest®","22,99 zł","https://www.odstraszanie.pl/p2819,srodek-na-pluskwy-preparat-no-pest-4insect-al-spray-przeciw-pluskwom.html"
"Silna pułapka na pluskwy, karaluchy, rybiki (lep)","Pułapka","No Pest®","3,99 zł","https://www.odstraszanie.pl/p2457,silna-pulapka-na-pluskwy-karaluchy-rybiki-z-klejem-lep-na-owady.html"
"Środek na pluskwy Bed Bug Shot koncentrat 50ml","Oprysk (koncentrat)","No Pest®","24,99 zł","https://www.odstraszanie.pl/p2907,srodek-na-pluskwy-no-pest-bed-bug-shot-koncentrat-50ml.html"
"Bomba na pluskwy Fogger No Pest® rurka 400ml","Bomba/Fogger","No Pest®","29,99 zł","https://www.odstraszanie.pl/p3124,bomba-na-pluskwy-domowe-zamglawiajaca-no-pest-fogger.html"
"Uniwersalny środek na owady Effect 500 ml (spray)","Spray","Effect","24,99 zł","https://www.odstraszanie.pl/p1235,uniwersalny-srodek-na-owady-biegajace-i-latajace-effect-500-ml.html"
"Środek na pluskwy Draker 10.2 100ml","Oprysk (koncentrat)","Draker","74,99 zł","https://www.odstraszanie.pl/p875,srodek-na-pluskwy-i-inne-owady-draker-10-2-100ml.html"
"DRAKER RTU środek na pluskwy 1L","Oprysk (gotowy do użycia)","Draker","42,99 zł","https://www.odstraszanie.pl/p2143,draker-rtu-srodek-na-pluskwy-pchly-kleszcze-w-domu-preparat-1l.html"
"Środek na pluskwy Cimex Out 100ml","Oprysk (koncentrat)","Cimex","64,99 zł","https://www.odstraszanie.pl/p1211,skuteczny-preparat-na-pluskwy-srodek-na-pluskwy-cimex-out-100ml.html"
"K-Othrine 2.5 Flow 30ml","Oprysk (koncentrat)","Bayer","39,99 zł","https://www.odstraszanie.pl/p2092,k-othrine-2-5-flow-30ml-oprysk-na-pluskwy-komary-muchy-mrowki.html"
"Środek na owady Fendona 6 Pro 0,5l","Oprysk (koncentrat)","BASF","259,00 zł","https://www.odstraszanie.pl/p1280,srodek-na-owady-fendona-6-pro-0-5l.html"
"Błyskawiczny zamrażacz owadów Insect Freezer Spray No Pest®","Spray (zamrażacz)","No Pest®","19,99 zł","https://www.odstraszanie.pl/p3022,blyskawiczny-zamrazacz-owadow-insect-freezer-spray-no-pest.html"
"Draker 10.2 Insektycyd 1L","Oprysk (koncentrat)","Draker","259,00 zł","https://www.odstraszanie.pl/p874,draker-10-2-srodek-owadobojczy-insektycyd-1l.html"
"Afanisep 25WP 1kg – permetryna","Oprysk (proszek do rozrobienia)","Afanisep","429,00 zł","https://www.odstraszanie.pl/p2024,afanisep-25wp-1kg-permetryna-w-proszku.html"
"Aspermet 200EC 1L – oprysk na pluskwy","Oprysk (koncentrat)","Aspermet","269,00 zł","https://www.odstraszanie.pl/p1954,oprysk-na-pluskwy-karaluchy-mrowki-aspermet-200ec-1l.html"
"Cimex Out 500ml","Oprysk (koncentrat)","Cimex","274,00 zł","https://www.odstraszanie.pl/p1163,preparat-na-pluskwy-srodek-na-pluskwy-cimex-out-500ml.html"
"Microtech CS PRO koncentrat 500ml","Oprysk (koncentrat)","Effect (Microtech)","159,00 zł","https://www.odstraszanie.pl/p1266,srodek-owadobojczy-na-pluskwy-karaluchy-mrowki-oprysk-microtech-cs-pro-koncentrat-500ml.html"
"Cimex Out 50ml","Oprysk (koncentrat)","Cimex","42,99 zł","https://www.odstraszanie.pl/p2052,cimex-out-50ml-asplant.html"
"Proszek na pluskwy Effect 100g","Proszek","Effect","9,99 zł","https://www.odstraszanie.pl/p1297,proszek-na-pluskwy-preparat-srodek-effect-100g.html"
"DRAKER RTU środek na pluskwy 400ml","Oprysk (gotowy do użycia)","Draker","34,99 zł","https://www.odstraszanie.pl/p2144,draker-rtu-srodek-na-pluskwy-pchly-kleszcze-w-domu-preparat-400-ml.html"
"Draker 10.2 250ml","Oprysk (koncentrat)","Draker","99,99 zł","https://www.odstraszanie.pl/p876,preparat-na-pluskwy-draker-10-2-250ml.html"
"5x Pułapka na pluskwę domową Panko","Pułapka","Panko","39,90 zł","https://www.odstraszanie.pl/p2369,5x-pulapka-na-pluskwe-domowa-panko-lep-na-pluskwy.html"
"Silny lep pułapka na pluskwy Bell Trapper","Pułapka","Bell Trapper","3,79 zł","https://www.odstraszanie.pl/p1395,silny-lep-pulapka-na-pluskwy-i-karaluchy-klej-bell-trapper.html"
"Spray Stop Owadom 550ml","Spray","Stop Owadom","25,49 zł","https://www.odstraszanie.pl/p1213,preparat-na-pluskwy-spray-stop-owadom-550ml.html"
"Pułapka na pluskwy Trappit (2 szt.)","Pułapka","Trappit","5,60 zł","https://www.odstraszanie.pl/p1176,pulapka-na-pluskwy-domowe-trappit-lep-na-pluskwy-2-sztuki-w-opakowaniu.html"
"Środek do prania Wash Out! No Pest® 4x20ml","Środek do prania","No Pest®","23,99 zł","https://www.odstraszanie.pl/p3205,srodek-do-prania-na-roztocza-jaja-pluskiew-wszy-pchel-kleszczy-na-posciel-zabawki-ubrania-wash-out.html"
"Środek do prania Wash Out! No Pest® 240ml","Środek do prania","No Pest®","34,99 zł","https://www.odstraszanie.pl/p3206,srodek-do-prania-na-roztocza-jaja-pluskiew-wszy-pchel-kleszczy-na-posciel-zabawki-ubrania-wash-out.html"
"Permetryna 25WP No Pest® 1kg","Oprysk (proszek do rozrobienia)","No Pest®","319,00 zł","https://www.odstraszanie.pl/p3224,permetryna-25-na-kleszcze-komary-muchy-pluskwy-permetrine-25wp-no-pest-1kg.html"
"Permetryna 25WP No Pest® 500g","Oprysk (proszek do rozrobienia)","No Pest®","179,00 zł","https://www.odstraszanie.pl/p3223,permetryna-25-na-kleszcze-komary-muchy-pluskwy-permetrine-25wp-no-pest-500g.html"
"Środek do prania Wash Out! No Pest® 120ml","Środek do prania","No Pest®","24,99 zł","https://www.odstraszanie.pl/p3207,srodek-do-prania-na-roztocza-jaja-pluskiew-wszy-pchel-kleszczy-na-posciel-zabawki-ubrania-wash-out.html"
